entity	layer	cells	best_alpha_topk	best_relprob_topk	best_alpha_top1	best_relprob_top1	baseline_relprob	wrong_relprob_at_best_topk	success_topk	topk_needed
Queen Victoria	1	L1-N18579,L1-N7557,L1-N1094,L1-N14043,L1-N17331	8.0	21.049430632574197	8.0	19.98079795384844	0.2557034508063699	0.5974014370906457	1	0
Rumi	2	L2-N6292,L2-N18091,L2-N16653,L2-N18048,L2-N5416	2.0	13.740299774339254	2.0	13.93121574318733	6.095312990836326	11.967230968590723	1	0
White House	1	L1-N18670,L1-N14270,L1-N236,L1-N12707,L1-N4750	4.0	4.237749007261246	4.0	4.186423565608116	0.10886621967810313	0.044197066466282464	1	0
Poland	4	L4-N7987,L4-N15363,L4-N1585,L4-N17736,L4-N4712	8.0	3.4683768964380115	8.0	3.468829246499288	0.027961038849569783	0.02619578484740772	1	0
Philadelphia	4	L4-N751,L4-N15557,L4-N17483,L4-N5771,L4-N8235	200.0	2.975711459703987	200.0	2.9766207847877046	1.1128472000168632	2.2591638653675834	1	0
Star Wars	1	L1-N6101,L1-N8117,L1-N1508,L1-N12787,L1-N16151	4.0	2.936482584791973	4.0	2.9369935241869847	0.0177241953124246	0.03347139158335694	1	0
The Ring	2	L2-N14458,L2-N6725,L2-N2862,L2-N11298,L2-N6554	200.0	2.591160746730759	200.0	2.5893394998276302	1.9920605480372349	1.9772819674934543	1	0
Spain	2	L2-N5876,L2-N1725,L2-N14706,L2-N2059,L2-N18600	8.0	2.540803861922936	8.0	2.5795547065603106	0.12478706908449544	0.05624228581916268	1	0
Australia	1	L1-N8982,L1-N6963,L1-N15998,L1-N17401,L1-N1878	32.0	2.2403715487978593	32.0	2.2419800678552577	0.1014327517606636	0.06457965169877347	1	0
Peru	2	L2-N17476,L2-N16764,L2-N2069,L2-N18813,L2-N2127	8.0	2.225056900045446	8.0	2.2269472415335607	0.057640155834302174	0.07155933153490537	1	0
Athens	1	L1-N18605,L1-N10407,L1-N8042,L1-N13439,L1-N7453	4.0	2.1677599404975028	4.0	2.1664821575451643	0.3915517220345718	0.33353865903405006	1	0
Kuala Lumpur	3	L3-N2420,L3-N14548,L3-N14479,L3-N7187,L3-N15912	8.0	2.1276487269369886	8.0	2.5410395852023666	0.010171022447571782	0.013953838954124309	1	0
Afghanistan	3	L3-N2492,L3-N17873,L3-N5153,L3-N7405,L3-N1195	8.0	2.108837623667781	8.0	2.1082076842548467	0.09477174707560188	0.16529910290602767	1	0
Houston	1	L1-N11316,L1-N17755,L1-N2237,L1-N12967,L1-N2459	4.0	1.8689065071488438	4.0	1.8777673937859143	0.20005304258613354	0.22098239458647922	1	0
Mali	3	L3-N10631,L3-N10164,L3-N3990,L3-N5408,L3-N16482	4.0	1.7926830924486592	4.0	1.8006329368544518	0.004315442465489806	0.0006446839904202792	1	0
Tokyo	1	L1-N188,L1-N17659,L1-N12957,L1-N18333,L1-N7920	4.0	1.7874452646901948	4.0	1.7877182123267261	0.01899334476143296	0.02551892885439565	1	0
Francis	2	L2-N2926,L2-N13215,L2-N7057,L2-N7783,L2-N15958	4.0	1.7456374375685093	4.0	1.755552544662014	0.9054650311401201	0.9525822377535985	1	0
Aliens	1	L1-N7483,L1-N16248,L1-N17810,L1-N5290,L1-N1511	4.0	1.7197291786888564	4.0	1.683378161389008	0.5486612022381483	0.5508228198226548	1	0
David	2	L2-N13244,L2-N18503,L2-N17505,L2-N16643,L2-N74	64.0	1.7179741256112995	64.0	1.7354820197985723	0.5679348634317133	1.13561343318455	1	0
Boston	3	L3-N18601,L3-N18886,L3-N16050,L3-N6802,L3-N6281	4.0	1.694281340293279	4.0	1.6922894104656112	0.003816657304245942	0.0031743518161350265	1	0
London	2	L2-N17407,L2-N8188,L2-N11513,L2-N12883,L2-N5516	2.0	1.6875394615050523	4.0	1.6705810023196694	0.16674025876989623	0.2594716141576604	1	0
Melbourne	1	L1-N5250,L1-N12482,L1-N13667,L1-N88,L1-N917	4.0	1.6174297460770681	4.0	1.6119657970090608	0.07643206905041955	0.10761440871006032	1	0
Japan	1	L1-N7726,L1-N345,L1-N11098,L1-N13236,L1-N698	16.0	1.6171061130426327	16.0	1.617435882500934	0.10940722317189369	0.053224444384380114	1	0
Singapore	1	L1-N7100,L1-N2219,L1-N10101,L1-N13991,L1-N8796	2.0	1.587702733305944	2.0	1.6482244904579777	1.2854577213677678	0.0749515447978982	1	0
Jesus in Islam	1	L1-N5588,L1-N15859,L1-N10230,L1-N2217,L1-N3147	4.0	1.532357387914729	4.0	1.5323982828999976	0.060406497456649	0.08828735949832474	1	0
Sri Lanka	2	L2-N6010,L2-N3764,L2-N6282,L2-N17044,L2-N14706	4.0	1.4616813004328522	4.0	1.489266060729523	0.061671433303666985	0.0370449916708483	1	0
Dublin	4	L4-N3121,L4-N1713,L4-N5591,L4-N8891,L4-N3852	4.0	1.447594479359733	4.0	1.444577861157315	0.08094388607881056	0.12229331992604583	1	0
Empire of Japan	1	L1-N7726,L1-N10351,L1-N7707,L1-N7909,L1-N2077	8.0	1.4325655719545944	8.0	1.4323259554872185	0.06727395523479306	0.03575549706258814	1	0
Oregon	4	L4-N4925,L4-N12252,L4-N2131,L4-N8877,L4-N7605	4.0	1.4043012113199635	4.0	1.416473772827037	0.03643231536557142	0.00561661064593475	1	0
Prague	3	L3-N14586,L3-N12806,L3-N11908,L3-N7646,L3-N6435	4.0	1.3975641771389602	4.0	1.401641324247933	0.0981330949607352	0.14251157621798638	1	0
Troy	2	L2-N17460,L2-N11895,L2-N8961,L2-N7416,L2-N5020	2.0	1.377618489455147	2.0	0.9960444757742604	0.5527778158142896	0.5597668459907219	1	0
Jesus	1	L1-N8526,L1-N17531,L1-N1392,L1-N6598,L1-N1518	128.0	1.373164773110479	128.0	1.3360887836236606	0.4816004714072797	1.1376736695977063	1	0
Oasis	3	L3-N13059,L3-N11545,L3-N6351,L3-N17140,L3-N921	1.0	1.3603659794239158	1.0	1.3595663925372066	0.18976183907888172	0.23939019629954877	1	0
Seven	2	L2-N9649,L2-N3517,L2-N2473,L2-N13894,L2-N10275	2.0	1.3297145624243132	2.0	1.3263476489561148	0.4745249812414713	0.38053441596831356	1	0
Training Day	4	L4-N7991,L4-N10455,L4-N10083,L4-N17718,L4-N16527	1.0	1.3234086638157627	1.0	1.3213969054459522	1.232922919679908	1.2120830772684557	1	0
South Africa	1	L1-N1385,L1-N13991,L1-N17525,L1-N16510,L1-N11770	8.0	1.3007962712856218	8.0	1.1412980497242164	0.01971265325171709	0.017109913964182936	1	0
Battlefield	2	L2-N10945,L2-N17028,L2-N18178,L2-N11064,L2-N5801	16.0	1.2492234820521049	16.0	1.2497114527249906	0.29522055335381353	0.5964414227557208	1	0
Prince	1	L1-N15522,L1-N10468,L1-N6777,L1-N2836,L1-N9730	1.0	1.2140812291531033	1.0	1.2123501413944051	0.4378181879009524	0.2549430160234365	1	0
Texas	3	L3-N4501,L3-N12597,L3-N67,L3-N10563,L3-N17321	16.0	1.1895352212509964	16.0	1.1900651417424672	0.013110365810036967	0.020215839723215983	1	0
Chris Jericho	3	L3-N8819,L3-N7573,L3-N13138,L3-N12854,L3-N5920	2.0	1.1785649553012418	2.0	1.1765201718628162	0.9476210468020319	0.30038975508983334	1	0
Hawaii	1	L1-N12270,L1-N2965,L1-N771,L1-N3980,L1-N11915	2.0	1.1734578242229965	2.0	1.1688186608194557	0.07066552044784287	0.07101995834884847	1	0
Toronto	1	L1-N864,L1-N8624,L1-N12267,L1-N8853,L1-N17187	4.0	1.136239172508104	4.0	1.1369873497147436	0.07539481115939425	0.24741227155795775	1	0
The Holiday	1	L1-N2834,L1-N16405,L1-N8469,L1-N4767,L1-N14861	4.0	1.0658476471996383	4.0	1.0639019506713205	0.37035880051380676	0.511011192432193	1	0
Krishna	3	L3-N12927,L3-N7549,L3-N17517,L3-N10892,L3-N10331	2.0	1.0369396411841934	2.0	1.0383231869860372	0.0011678584222092562	0.00037146275128314494	1	0
European Union	2	L2-N12264,L2-N15476,L2-N15523,L2-N10393,L2-N12053	8.0	1.0181715101624589	8.0	1.0046727102722504	0.41252493047824673	0.2563051731470059	1	0
The Shining	5	L5-N9949,L5-N3937,L5-N1468,L5-N2275,L5-N14759	2.0	1.0054877853175297	2.0	1.0078688575847734	0.14895733804749434	0.08385799236270182	1	0
Thor	4	L4-N6521,L4-N1998,L4-N9637,L4-N3416,L4-N4071	1.0	1.0019090786652756	1.0	1.0078901129369262	0.04017605953722802	0.03373545820913253	1	0
Georgia	1	L1-N12233,L1-N13991,L1-N8458,L1-N3659,L1-N7923	1.0	0.9522129510788822	1.0	0.827329562897145	0.6139494166870643	0.523938172728292	1	0
Beijing	2	L2-N9567,L2-N8988,L2-N2211,L2-N16551,L2-N9075	4.0	0.9419475446758782	4.0	1.0200758359673912	0.018091073112521526	0.015348220515272976	1	0
The Village	1	L1-N14056,L1-N16927,L1-N4459,L1-N6762,L1-N197	4.0	0.8948030717313741	4.0	0.8953346354226243	0.7048871458255311	0.810529912959001	1	0
Atlético de Madrid	2	L2-N10473,L2-N10791,L2-N8905,L2-N6729,L2-N14482	8.0	0.8693833180647574	8.0	0.8794437866442131	0.2668158031457892	0.27897901461443325	1	0
India	2	L2-N2893,L2-N483,L2-N4541,L2-N6148,L2-N7470	16.0	0.7909035549181531	16.0	0.7979763326253301	0.03810267275664177	0.06179336199322153	1	0
New York City	1	L1-N1139,L1-N3211,L1-N4770,L1-N6025,L1-N12490	4.0	0.7594601883117168	4.0	0.7628981216571808	0.569535244093703	0.5925940096963176	1	0
Jerusalem	3	L3-N270,L3-N15758,L3-N7388,L3-N11227,L3-N4684	4.0	0.7480997418321308	4.0	0.7481634139330137	0.006514637496975071	0.010800995533611031	1	0
New Mexico	4	L4-N10866,L4-N12822,L4-N10278,L4-N2651,L4-N4358	4.0	0.7439592596305737	4.0	0.7447948109943262	0.014663242326621329	0.006832715189516569	1	0
Madrid	2	L2-N10473,L2-N3867,L2-N1753,L2-N16752,L2-N6436	4.0	0.7384086966465646	4.0	0.7319106188203534	0.003459356420605971	0.0024638616549206693	1	0
They Live	3	L3-N18417,L3-N6013,L3-N13482,L3-N9379,L3-N1550	1.0	0.735037615138303	1.0	0.7388907345238199	0.5115516983074708	0.5932825819309525	1	0
Tennessee	3	L3-N16787,L3-N16414,L3-N11474,L3-N13500,L3-N5046	4.0	0.7269841422756307	4.0	0.7160984916224103	0.012486240624430817	0.00564492558457841	1	0
Budapest	3	L3-N10222,L3-N9116,L3-N7465,L3-N2276,L3-N6793	4.0	0.6970887615459921	4.0	0.7142062962151138	0.010317779603356649	0.009420090740465563	1	0
Grease	2	L2-N10749,L2-N9470,L2-N15766,L2-N188,L2-N10204	1.0	0.6727415531729399	1.0	0.7049565378469093	0.036234355625024195	0.08475086085083892	1	0
Canada	2	L2-N15999,L2-N2805,L2-N4897,L2-N5613,L2-N18394	16.0	0.6665128037802579	16.0	0.6659676741164016	0.026044266623649896	0.02715230302349276	1	0
Rama	4	L4-N18757,L4-N5872,L4-N6133,L4-N12886,L4-N11349	4.0	0.6074105703047618	4.0	0.6106954178510778	0.27173868984852473	0.2562279575872962	1	0
Nebraska	2	L2-N17105,L2-N6030,L2-N10038,L2-N16379,L2-N18831	4.0	0.5616941820508382	4.0	0.561928981890653	0.006747068878435512	0.011384840363637589	1	0
Beloved	1	L1-N7245,L1-N6323,L1-N9363,L1-N9272,L1-N17357	2.0	0.5219964511273875	2.0	0.5278215756217796	0.05685286949993405	0.059710793091081175	1	0
Barack Obama	2	L2-N10941,L2-N5932,L2-N1195,L2-N16903,L2-N14007	4.0	0.48236550134914713	4.0	0.4807613043508694	0.005510226198549546	0.003947808490758704	1	0
Kansas	2	L2-N11619,L2-N18912,L2-N2607,L2-N2905,L2-N18039	2.0	0.478535928493961	2.0	0.4783002225797181	0.013807430221885924	0.02375786837801523	1	0
Jacob	1	L1-N4,L1-N11584,L1-N4401,L1-N6202,L1-N18305	4.0	0.44586527509488555	4.0	0.44597474824030997	0.19648115783244657	0.09118927818803153	1	0
New Jersey	2	L2-N10170,L2-N2496,L2-N6243,L2-N10953,L2-N7511	8.0	0.39191818047982097	8.0	0.41043580443813416	0.015144514343020579	0.0034316179981240718	1	0
Alexander the Great	4	L4-N8881,L4-N2802,L4-N7367,L4-N8806,L4-N11745	2.0	0.3881874050772694	2.0	0.3875696177534105	0.06277223479028439	0.09104543260163779	1	0
Brazil	1	L1-N17255,L1-N16655,L1-N7538,L1-N643,L1-N612	2.0	0.3648258060898508	2.0	0.36401523196817975	0.05523865423591446	0.03038655034413909	1	0
Flight	2	L2-N2518,L2-N6324,L2-N3602,L2-N11420,L2-N3571	8.0	0.35695705994298876	8.0	0.3578556721182681	0.21078171837481896	0.22739301335539816	1	0
Cape Town	3	L3-N9847,L3-N9483,L3-N3847,L3-N6973,L3-N18794	4.0	0.353900799437419	4.0	0.38046356567728595	0.022628665858199646	0.02100069548913765	1	0
Alien	3	L3-N10404,L3-N18434,L3-N14847,L3-N15844,L3-N1047	2.0	0.345135969139339	2.0	0.2959523798272295	0.04723166110405966	0.07361187606828368	1	1
Rocky	3	L3-N6169,L3-N3324,L3-N18717,L3-N15245,L3-N17374	2.0	0.3447946016315094	2.0	0.3351505508643716	0.17041518158199703	0.14677534674607423	1	0
Toy Story	3	L3-N2434,L3-N9852,L3-N8228,L3-N12071,L3-N6513	2.0	0.31050806675200693	2.0	0.1541738269174984	0.06273549172112822	0.029657991468826972	1	1
Barcelona	3	L3-N13144,L3-N3109,L3-N915,L3-N3739,L3-N14087	8.0	0.3053811885075393	8.0	0.25778604585530246	0.0008869199609465082	0.002484466824261231	1	1
The Mist	2	L2-N13859,L2-N3343,L2-N7957,L2-N12628,L2-N56	1.0	0.3001641667728929	1.0	0.30620861184134757	0.21505805753474425	0.2290629193811164	1	0
Scooby-Doo	2	L2-N18490,L2-N7500,L2-N9919,L2-N2643,L2-N8307	1.0	2.9047486940408787	1.0	2.9038217608071415	2.756842096216184	7.3099055743042465	0	0
San Francisco	1	L1-N9914,L1-N13014,L1-N15898,L1-N7600,L1-N13606	1.0	1.8575591643982585	1.0	1.8740144716764389	1.8104619776047395	1.0208172588784201	0	0
Peter	2	L2-N13512,L2-N5859,L2-N17177,L2-N15575,L2-N16037	16.0	1.6354506921232872	16.0	1.6379019506036268	1.3471694193988237	1.6760474514508281	0	0
Paul	1	L1-N18738,L1-N3580,L1-N3035,L1-N16860,L1-N2329	16.0	1.5546529511691163	16.0	1.5520168825034892	0.7730718803528774	1.5338518011916853	0	0
The Departed	5	L5-N2625,L5-N14915,L5-N14759,L5-N2275,L5-N5477	2.0	1.4589644803586184	2.0	1.2694814273386914	0.8296269556815554	1.4946290023261863	0	0
Babylon	3	L3-N11790,L3-N7205,L3-N3834,L3-N15988,L3-N13263	2.0	1.4108133645222443	2.0	1.4093833055927656	1.286764222280206	1.4594899576047495	0	0
Let It Be	5	L5-N11669,L5-N9946,L5-N1986,L5-N9580,L5-N637	32.0	1.1146861841064861	32.0	1.1120771756886174	0.8815176130245158	1.1608251881276106	0	0
Paris	1	L1-N231,L1-N8699,L1-N3462,L1-N6324,L1-N6727	1.0	1.0721018975991057	1.0	1.0697751970146903	1.7418040297024926	2.1082776485418475	0	0
The Omen	3	L3-N5504,L3-N484,L3-N1500,L3-N8900,L3-N11169	1.0	0.9070215434473594	2.0	0.8757229419942281	1.0646542026253298	1.1060126212669699	0	0
Friends	5	L5-N9314,L5-N13540,L5-N6851,L5-N14759,L5-N11900	1.0	0.887029539664154	1.0	0.8674970981793125	0.7662648719575417	1.125516103029918	0	0
Suits	2	L2-N9620,L2-N7706,L2-N3334,L2-N10537,L2-N12278	32.0	0.7815535566192899	32.0	0.7978959800856054	0.05680120094747815	1.01904127218422	0	0
Up	2	L2-N14580,L2-N13964,L2-N2338,L2-N15789,L2-N4501	1.0	0.715336221076161	1.0	0.721662499277947	0.667207835097253	0.9316733501998651	0	0
Thomas Jefferson	2	L2-N11279,L2-N15439,L2-N5598,L2-N15958,L2-N9606	1.0	0.38136104896495965	1.0	0.3817514036542085	0.2278738744251415	0.5820633648769525	0	0
The Thing	5	L5-N10410,L5-N2275,L5-N1468,L5-N18443,L5-N14759	1.0	0.3176790532436824	1.0	0.33067296137913266	0.2921984488581042	0.3120332567102636	0	0
Pittsburgh	1	L1-N8853,L1-N16727,L1-N4371,L1-N13701,L1-N4631	2.0	0.2794934716498399	2.0	0.2800076158557036	0.07322793826239479	0.010412819540986563	0	0
Edgar Allan Poe	5	L5-N16637,L5-N14765,L5-N5642,L5-N9979,L5-N3161	4.0	0.2543851163841216	4.0	0.2541719000296226	0.09511181418150386	0.08415669072236051	0	0
Bertrand Russell	3	L3-N15419,L3-N65,L3-N9751,L3-N14754,L3-N12153	2.0	0.23826778234519796	2.0	0.23754180109045597	0.05557204910717625	0.10184929402937849	0	0
Rome	4	L4-N5848,L4-N9165,L4-N5917,L4-N11188,L4-N3511	4.0	0.20522323353855773	4.0	0.20904060716326112	0.005902120116592572	0.008513334072529738	0	0
Carrie	3	L3-N18279,L3-N11112,L3-N4639,L3-N17714,L3-N10434	1.0	0.20047313559886928	1.0	0.20040787897704715	0.048480646654859	0.8358433320294816	0	0
Idaho	4	L4-N649,L4-N639,L4-N390,L4-N7365,L4-N12482	2.0	0.1998737072964682	2.0	0.19972560008586696	0.010051725979174107	0.01025946235188494	0	0
Delhi	4	L4-N7686,L4-N8247,L4-N9931,L4-N12011,L4-N18808	4.0	0.19685031513937928	4.0	0.1677579060115937	0.006908763786836187	0.011044309382375526	0	0
Vienna	1	L1-N18529,L1-N13667,L1-N15349,L1-N2319,L1-N17331	8.0	0.18917823537723594	8.0	0.20201202122859022	0.012416393291464654	0.03786160213030392	0	0
The Fog	1	L1-N10964,L1-N18498,L1-N8018,L1-N15658,L1-N3332	1.0	0.1857579092768133	1.0	0.1810894959911371	0.14909403185458495	0.14542147419730478	0	0
T. S. Eliot	1	L1-N12920,L1-N17504,L1-N983,L1-N13156,L1-N8318	2.0	0.1758295636249555	2.0	0.1764281852831063	0.03219218714664008	0.01395904752720526	0	0
Abraham Lincoln	3	L3-N12305,L3-N1019,L3-N12087,L3-N6906,L3-N14675	8.0	0.16193055979950272	8.0	0.1619658080032181	0.09537699447296714	0.0711189597605156	0	0
Breaking Bad	2	L2-N12152,L2-N2862,L2-N15890,L2-N14379,L2-N573	1.0	0.15995190917431762	1.0	0.16188340002938495	0.11286588333902152	0.1652666729462865	0	0
Rent	2	L2-N11038,L2-N6636,L2-N6913,L2-N11688,L2-N11254	2.0	0.15880782199617838	2.0	0.16167681307740656	0.009590336559346038	0.008161856887423855	0	0
Florence	1	L1-N10577,L1-N11498,L1-N17282,L1-N7453,L1-N12430	8.0	0.15574507888755032	8.0	0.1587926598515344	0.004572706468598287	0.006504292124716473	0	0
Donald Trump	1	L1-N11948,L1-N17475,L1-N1383,L1-N9033,L1-N7251	4.0	0.1556546273301553	4.0	0.15622528062076696	0.013807143016197987	0.011825451531239069	0	0
The Terminal	2	L2-N16927,L2-N12123,L2-N7820,L2-N12545,L2-N18520	1.0	0.151006265854292	1.0	0.14880877783953286	0.06591237820563983	0.14347071790799568	0	0
Frozen	2	L2-N16115,L2-N7649,L2-N14980,L2-N14796,L2-N13013	16.0	0.14107931107135774	4.0	0.1422339975179736	0.10625961761435847	0.12591641974505735	0	0
The Prestige	1	L1-N1538,L1-N11966,L1-N5494,L1-N14016,L1-N18082	1.0	0.1302391904760058	1.0	0.1307551345460996	0.16628764436946308	0.13043894521122468	0	0
Stockholm	5	L5-N14077,L5-N6,L5-N290,L5-N15507,L5-N14269	4.0	0.10087024706806205	4.0	0.0981273423701116	0.005301062502599236	0.0024411974510976727	0	0
Michael Jackson	2	L2-N1224,L2-N13372,L2-N8036,L2-N18385,L2-N7945	2.0	0.09088027953207961	2.0	0.09259815045458454	0.04385213137780876	0.014913861864184415	0	0
Final Destination	2	L2-N12738,L2-N9011,L2-N17194,L2-N249,L2-N4007	1.0	0.08109598987982855	1.0	0.08123478440995276	0.09375274251944155	0.11021908157145649	0	0
Neon Genesis Evangelion	4	L4-N4605,L4-N15783,L4-N6585,L4-N2675,L4-N1301	2.0	0.077674885488775	4.0	0.05462694919273711	0.06418394556869679	0.051963465056305176	0	0
Dallas	3	L3-N3153,L3-N13529,L3-N9190,L3-N7660,L3-N591	8.0	0.07422235268539905	8.0	0.07443906860234933	0.0005281458352817935	0.002840841855901684	0	0
Al Gore	1	L1-N11620,L1-N2774,L1-N18532,L1-N14978,L1-N7202	2.0	0.06990017855551292	2.0	0.06990096644345568	0.015479275730287597	0.0036582035205229052	0	0
The Fly	2	L2-N10777,L2-N9233,L2-N9518,L2-N3862,L2-N4213	4.0	0.0630966451615668	4.0	0.06312778983592773	0.03270451180853372	0.02872761843013037	0	0
Minnesota	2	L2-N5780,L2-N2022,L2-N10248,L2-N3892,L2-N14102	4.0	0.06127196703707512	4.0	0.06176585066006852	0.03011386053807247	0.027402579570863877	0	0
Cars	1	L1-N18321,L1-N14458,L1-N14048,L1-N6148,L1-N14852	8.0	0.05248255427859722	8.0	0.05223710322913947	0.03422010172972333	0.022716283239081744	0	0
Billy Joel	2	L2-N8277,L2-N312,L2-N9085,L2-N13415,L2-N17661	1.0	0.05202883931279078	1.0	0.05185499671408181	0.05762831945000868	0.03647665709114977	0	0
Montana	2	L2-N13501,L2-N1917,L2-N17147,L2-N397,L2-N12529	8.0	0.05127851190306825	8.0	0.05140223481469767	0.0010916117952213665	4.399515379741759e-05	0	0
Into the Wild	1	L1-N8382,L1-N11130,L1-N11162,L1-N3089,L1-N250	16.0	0.04519940993478655	16.0	0.0451984506994749	0.03925558196573272	0.045745380035865	0	0
George VI	1	L1-N467,L1-N12432,L1-N2488,L1-N4284,L1-N14294	1.0	0.04467004547068224	1.0	0.04467724514866938	0.04033144444288448	0.0315931208758135	0	0
Lost	1	L1-N5217,L1-N7951,L1-N756,L1-N10915,L1-N3931	4.0	0.03983214571985924	4.0	0.0361572031958866	0.02264419419728861	0.012794453019112485	0	0
E.T. the Extra-Terrestrial	1	L1-N4102,L1-N3414,L1-N9775,L1-N4468,L1-N10674	1.0	0.031523209032787755	1.0	0.03126259686402332	0.04175496116532625	0.0359401355538288	0	0
Will Smith	3	L3-N15898,L3-N7951,L3-N9996,L3-N18030,L3-N5350	1.0	0.017402692015550964	1.0	0.01913279371314927	0.010101415513129524	0.00473764748192348	0	0
Puerto Rico	2	L2-N7844,L2-N4274,L2-N16106,L2-N5762,L2-N3195	64.0	0.01691312221135787	64.0	0.016933375259141323	0.02482213310005821	0.018653873092260756	0	0
Turin	3	L3-N18612,L3-N13678,L3-N14015,L3-N9388,L3-N3905	2.0	0.0164721477832045	2.0	0.015907081065211135	0.0012446402881837724	0.0011282699449802834	0	0
Byzantine Empire	2	L2-N1260,L2-N7396,L2-N4253,L2-N17455,L2-N7860	8.0	0.014770962843201582	8.0	0.014804694119821252	0.0028729345163093474	0.0027244773008648126	0	0
The Birds	2	L2-N8054,L2-N7369,L2-N13487,L2-N17599,L2-N3787	1.0	0.0029341133570254217	1.0	0.002936433814737562	0.0026787702194838747	0.003341899617331309	0	0
Happy Birthday to You	5	L5-N2162,L5-N18443,L5-N10603,L5-N14439,L5-N16213	1.0	0.002345320103327645	1.0	0.002338342955134272	0.0024329141811556165	0.0014828621290495943	0	0
Léon: The Professional	2	L2-N9734,L2-N775,L2-N9859,L2-N10944,L2-N16360	1.0	0.0021608602060312785	1.0	0.0021618256783536185	0.001621395852310294	0.0008372733803883539	0	0
